Card Name,Franchise,Set,Rarity,Raw Price (USD),Your Purchase Price,Owned,Notes,PSA 10 Price (USD),TCGplayer URL,eBay URL,Profit/Loss (USD),Profit/Loss (%)
Misty’s Determination,Pokémon,XY Evolutions,Full Art Trainer,18.5,12.0,Yes,Bought during XY reprint,175.0,https://www.tcgplayer.com/product/122645/pokemon-xy-evolutions-mistys-determination-108-108,https://www.ebay.com/sch/i.html?_nkw=Misty%27s+Determination+108%2F108+Full+Art,6.5,54.17
Skyla,Pokémon,Shining Fates,Full Art Trainer,16.0,13.0,Yes,"High abaday appeal, popular set",130.0,https://www.tcgplayer.com/product/233278/pokemon-shining-fates-skyla-072-072,https://www.ebay.com/sch/i.html?_nkw=Skyla+Shining+Fates,3.0,23.08
Rosa,Pokémon,Cosmic Eclipse,Full Art Trainer,19.75,15.0,Yes,Meta-relevant & collectible,200.0,https://www.tcgplayer.com/product/201168/pokemon-sm-cosmic-eclipse-rosa-236-236,https://www.ebay.com/sch/i.html?_nkw=Rosa+Cosmic+Eclipse+236%2F236,4.75,31.67
Nami,One Piece,Romance Dawn,Super Rare,9.99,8.0,Yes,"Main cast, high demand",95.0,https://www.tcgplayer.com/product/276215/one-piece-card-game-romance-dawn-nami,https://www.ebay.com/sch/i.html?_nkw=Nami+Romance+Dawn+One+Piece,1.9900000000000002,24.88
Boa Hancock,One Piece,Romance Dawn,Super Rare,6.75,5.0,Yes,Classic abaday icon,58.0,https://www.tcgplayer.com/product/276217/one-piece-card-game-romance-dawn-boa-hancock,https://www.ebay.com/sch/i.html?_nkw=Boa+Hancock+Romance+Dawn+One+Piece,1.75,35.0
